,Electronic,Experimental,Folk,Hip-Hop,Instrumental,International,Pop,Rock,accuracy,macro avg,weighted avg
precision,0.6142857142857143,0.5555555555555556,0.6183206106870229,0.7394957983193278,0.6293103448275862,0.7301587301587301,0.4305555555555556,0.6875,0.6380236305048335,0.6256477886736865,0.6275124931015499
recall,0.7350427350427351,0.4661016949152542,0.6923076923076923,0.7787610619469026,0.6347826086956522,0.7540983606557377,0.28440366972477066,0.7333333333333333,0.6380236305048335,0.6348538945777598,0.6380236305048335
f1-score,0.669260700389105,0.5069124423963134,0.6532258064516129,0.7586206896551724,0.6320346320346321,0.7419354838709677,0.3425414364640884,0.7096774193548387,0.6380236305048335,0.6267760763270913,0.6293975789984646
support,117.0,118.0,117.0,113.0,115.0,122.0,109.0,120.0,0.6380236305048335,931.0,931.0
